<?xml version="1.0" encoding="UTF-8"?>
<project-private xmlns="http://www.netbeans.org/ns/project-private/1">
    <editor-bookmarks xmlns="http://www.netbeans.org/ns/editor-bookmarks/2" lastBookmarkId="0"/>
    <open-files xmlns="http://www.netbeans.org/ns/projectui-open-files/2">
        <group>
            <file>file:/C:/Users/scago/Documents/GitHub/IA_School/Semestres/Compiladores/Java/Go_LexicalAnalyzer/src/codigo/Lexer.flex</file>
            <file>file:/C:/Users/scago/Documents/GitHub/IA_School/Semestres/Compiladores/Java/Go_LexicalAnalyzer/src/codigo/Principal.java</file>
            <file>file:/C:/Users/scago/Documents/GitHub/IA_School/Semestres/Compiladores/Java/Go_LexicalAnalyzer/archivo.txt</file>
            <file>file:/C:/Users/scago/Documents/GitHub/IA_School/Semestres/Compiladores/Java/Go_LexicalAnalyzer/src/codigo/Tokens.java</file>
            <file>file:/C:/Users/scago/Documents/GitHub/IA_School/Semestres/Compiladores/Java/Go_LexicalAnalyzer/src/codigo/Lexer.java</file>
            <file>file:/C:/Users/scago/Documents/GitHub/IA_School/Semestres/Compiladores/Java/Go_LexicalAnalyzer/src/codigo/FrmPrincipal.java</file>
        </group>
    </open-files>
</project-private>
